timestamp,service_status
1773672441.5858579,1.0
1773672446.6104193,1.0
1773672451.6297119,1.0
1773672456.6468184,1.0
1773672461.6601532,1.0
1773672466.6787648,1.0
1773672471.697828,1.0
1773672476.7164805,1.0
1773672481.7304964,1.0
1773672486.7502418,1.0
1773672491.761149,1.0
1773672496.776397,1.0
1773672501.7932074,1.0
1773672506.810495,1.0
1773672511.824917,1.0
1773672516.8401246,1.0
1773672521.852198,1.0
1773672526.8687062,1.0
1773672531.8864539,1.0
1773672536.9026084,1.0
1773672541.9207172,1.0
1773672546.9391007,1.0
1773672551.9569905,1.0
1773672556.9759932,1.0
1773672562.0166128,1.0
1773672567.0304399,1.0
1773672572.0533729,1.0
1773672577.0719664,1.0
1773672582.0906024,1.0
1773672587.1091702,1.0
1773672592.130028,1.0
1773672597.1471786,1.0
1773672602.1686199,1.0
1773672607.1879017,1.0
1773672612.2066717,1.0
1773672617.2204802,1.0
1773672622.2462494,1.0
1773672627.2667491,1.0
1773672632.2861922,1.0
1773672637.3075771,1.0
1773672642.3272114,1.0
1773672647.349898,1.0
1773672652.373777,1.0
1773672657.5044005,1.0
1773672662.5334709,1.0
1773672667.555198,1.0
1773672672.575062,1.0
1773672677.598172,1.0
1773672682.6146727,1.0
1773672687.632099,1.0
